insert into public.instructor (id, first_name, last_name, email, phone_number, title)
values  (1, 'Debbie', 'Lindell', 'dlindell0@topsy.com', '2504630425', 'Professor of Mathematics'),
        (2, 'Devy', 'Symondson', 'dsymondson1@nbcnews.com', '7685379821', 'English Literature Instructor'),
        (3, 'Bartel', 'McGruar', 'bmcgruar0@psu.edu', '5738460604', 'Chemistry Lecturer'),
        (4, 'Diahann', 'Van Cassel', 'dvancassel1@woothemes.com', '1512149080', 'Physics Educator'),
        (5, 'Mari', 'Keeling', 'mkeeling2@dmoz.org', '7985574518', 'History Professor'),
        (6, 'Gregorio', 'Sturdy', 'gsturdy3@ebay.co.uk', '2487276326', 'Computer Science Teacher'),
        (7, 'Tiler', 'Labes', 'tlabes4@artisteer.com', '1547317439', 'Art Studio Instructor'),
        (8, 'Sergio', 'Totterdell', 'stotterdell5@globo.com', '2583762800', 'Music Theory Tutor'),
        (9, 'Jacynth', 'Best', 'jbest6@shutterfly.com', '8186932290', 'Physical Education Coach'),
        (10, 'Gail', 'Hearnshaw', 'ghearnshaw7@paginegialle.it', '4238344547', 'Foreign Language Facilitator'),
        (11, 'Milka', 'Circuitt', 'mcircuitt8@acquirethisname.com', '2611137925', 'Drama and Theater Instructor'),
        (12, 'Alana', 'Ringe', 'aringe9@etsy.com', '6834323606', 'Environmental Science Educator'),
        (13, 'Shurwood', 'Blasik', 'sblasika@cnbc.com', '5908440682', 'Culinary Arts Trainer'),
        (14, 'Garv', 'Kerswill', 'gkerswillb@virginia.edu', '6502027783', 'Dance Studio Teacher'),
        (15, 'Frederick', 'Snodden', 'fsnoddenc@exblog.jp', '7862178719', 'Business Ethics Professor'),
        (16, 'Pansie', 'Lillegard', 'plillegardd@ucoz.com', '7387057664', 'Health and Wellness Educator'),
        (17, 'Alfreda', 'Tiesman', 'atiesmane@odnoklassniki.ru', '2548545848', 'Psychology Lecturer'),
        (18, 'Raquela', 'Radnedge', 'rradnedgef@tumblr.com', '6139591444', 'Engineering Workshop Facilitator'),
        (19, 'Solomon', 'Partener', 'spartenerg@digg.com', '2621289952', 'Graphic Design Instructor'),
        (20, 'Kaspar', 'Gilliam', 'kgilliamh@goo.gl', '2521052443', 'Early Childhood Education Specialist');

insert into public.courses (id, name, start_date, end_date, course_level, is_started, instructor_id)
values  ('91c37062-7584-4ad0-a8cb-4fb8a8a51a34', 'Calculus I', '2023-09-15 08:00:00.000000', '2023-12-15 10:00:00.000000', 'Beginner', true, 1),
        ('32da948b-1373-4d8b-adf8-781a437bc5cf', 'General Chemistry', '2023-09-20 14:00:00.000000', '2024-01-10 16:00:00.000000', 'Beginner', true, 3),
        ('34a92729-8e91-4bca-b044-4ae866307aed', 'Mechanics and Kinematics', '2023-09-25 08:30:00.000000', '2023-12-15 11:00:00.000000', 'Intermediate', true, 4),
        ('c0588f2d-ab49-4b9f-9d23-6289ddd24e11', 'World History: Ancient Civilizations', '2023-10-05 10:00:00.000000', '2023-12-10 12:00:00.000000', 'Beginner', true, 5),
        ('6e96a681-e288-4eb7-9f22-d6e069af64a8', 'Introduction to Programming', '2023-09-18 13:00:00.000000', '2023-11-18 15:00:00.000000', 'Beginner', true, 6),
        ('e1b5ced3-6b83-4292-8721-2970370cdab8', 'Painting Techniques', '2023-09-22 14:30:00.000000', '2023-12-15 16:30:00.000000', 'Intermediate', true, 7),
        ('2484052c-e9ce-4f6b-bb35-29780f0f88f9', 'Music Theory Fundamentals', '2023-09-28 16:00:00.000000', '2023-11-28 18:00:00.000000', 'Beginner', true, 8),
        ('f063417a-c999-45c4-99e2-2aaa4e3aecd8', 'Fitness and Conditioning', '2023-09-16 07:30:00.000000', '2023-11-16 09:30:00.000000', 'Intermediate', true, 9),
        ('2c15af9f-4c52-4d51-8fb8-3781439e32d6', 'Spanish Language and Culture', '2023-09-19 10:30:00.000000', '2023-11-19 12:30:00.000000', 'Beginner', true, 10),
        ('243e0c5d-0424-4d9c-9751-8dc2e5cf21b3', 'Acting Techniques', '2023-09-21 15:15:00.000000', '2023-12-21 17:15:00.000000', 'Intermediate', true, 11),
        ('40f54531-a79d-445d-8de3-9d9a20aa0b38', 'Environmental Conservation', '2023-10-02 13:45:00.000000', '2023-12-02 15:45:00.000000', 'Intermediate', true, 12),
        ('b8216766-fc37-4935-ab09-eb3b7accf944', 'Culinary Fundamentals', '2023-09-26 09:45:00.000000', '2023-11-26 11:45:00.000000', 'Beginner', true, 13),
        ('cf786b0c-6117-45f3-823a-c340f7eb1f2d', 'Ballet Technique', '2023-09-29 17:30:00.000000', '2023-12-29 19:30:00.000000', 'Intermediate', true, 14),
        ('dda5facb-4307-403a-b00c-58f195e0b396', 'Introduction to Psychology', '2023-09-24 08:15:00.000000', '2023-11-24 10:15:00.000000', 'Beginner', true, 15),
        ('8caf8ce6-2f8f-4ec4-a8c5-e87cc7248fb5', 'Introduction to British Literature', '2023-10-04 11:30:00.000000', '2023-12-04 13:30:00.000000', 'Beginner', true, 16),
        ('0ca99cda-5e99-4ed7-a82e-b1d5c314d5e8', 'Data Structures and Algorithms', '2023-09-17 14:45:00.000000', '2023-11-17 16:45:00.000000', 'Intermediate', true, 17),
        ('65851e0a-591f-4121-851a-f92d375b92fb', 'Food Safety and Sanitation', '2023-09-23 12:45:00.000000', '2023-11-23 14:45:00.000000', 'Beginner', true, 18),
        ('9d0aac58-5d3b-4983-b8eb-bdef0b4e2465', 'Modern Dance Choreography', '2023-09-27 16:30:00.000000', '2023-11-27 18:30:00.000000', 'Intermediate', true, 19),
        ('fbf27c51-5d30-4df3-85f1-dfee1a12eeee', 'Test Course Materialized', '2023-02-01 12:00:00.000000', '2023-02-02 12:00:00.000000', 'Intermediate', false, 1),
        ('bdca2ef1-3085-4b63-a9fb-c5f7d3ffb91e', 'Ethical Decision-Making in Business', '2023-10-03 13:00:00.000000', '2023-12-03 15:00:00.000000', 'Advanced', true, 20),
        ('17d4c753-8ac3-48a5-9d68-be9fb1da5a68', 'American Romanticism', '2023-10-01 09:30:00.000000', '2023-12-01 11:30:00.000000', 'Intermediate', true, 2);

insert into public.students (id, first_name, last_name, age, gender, email, phone_number, national_id)
values  ('e3f67dfc-01d4-484a-aa87-f28450ce24e6', 'John', 'Doe', 20, 'Male', 'john.doe@example.com', '+1 123-456-7890', 'US1234567890'),
        ('256a4f6c-130b-47d8-ad84-08217813b7d8', 'Jane', 'Smith', 19, 'Female', 'jane.smith@example.com', '+1 987-654-3210', 'US0987654321'),
        ('e452f0e0-65c9-4d2f-afc7-130286dc8ab6', 'Alice', 'Johnson', 21, 'Female', 'alice.johnson@example.com', '+1 555-123-4567', 'US5551234567'),
        ('11efa1a9-ee42-4d30-b04b-30edf42f1eb5', 'Bob', 'Williams', 22, 'Male', 'bob.williams@example.com', '+1 777-888-9999', 'US7778889999'),
        ('d53e2106-2171-4a27-a60f-74c8750f5f50', 'Eva', 'Brown', 18, 'Female', 'eva.brown@example.com', '+1 111-222-3333', 'US1112223333'),
        ('7a9d08f1-95ef-42d1-9ada-38d7118ab180', 'Michael', 'Lee', 23, 'Male', 'michael.lee@example.com', '+1 222-333-4444', 'US2223334444'),
        ('65a8f2f3-f79c-4e16-931d-74d4279ae6f0', 'Sophia', 'Garcia', 20, 'Female', 'sophia.garcia@example.com', '+1 333-444-5555', 'US3334445555'),
        ('2c30b03f-b496-42e2-8b58-10d0b75666be', 'William', 'Smith', 21, 'Male', 'william.smith@example.com', '+1 444-555-6666', 'US4445556666'),
        ('3b280308-efde-4d71-be4e-ca13faad5ef4', 'Olivia', 'Martinez', 19, 'Female', 'olivia.martinez@example.com', '+1 555-666-7777', 'US5556667777'),
        ('3439edcf-cba9-4d42-9df0-a8f2dfecb185', 'James', 'Johnson', 22, 'Male', 'james.johnson@example.com', '+1 666-777-8888', 'US6667778888'),
        ('48d08edf-0abb-4990-aaff-238bd4456d4c', 'Sophia', 'Lee', 20, 'Female', 'sophia.lee@example.com', '+1 777-888-9999', 'US7778889999'),
        ('f45663f5-69fe-4ce9-97f8-6e28dd936266', 'Benjamin', 'Gonzalez', 24, 'Male', 'benjamin.gonzalez@example.com', '+1 888-999-0000', 'US8889990000'),
        ('a7d2ecb7-19ee-43d2-900d-cd8ab577215a', 'Emily', 'Taylor', 21, 'Female', 'emily.taylor@example.com', '+1 999-000-1111', 'US9990001111'),
        ('f3480d49-d744-44f5-b842-a9a42c63963f', 'Liam', 'Hernandez', 19, 'Male', 'liam.hernandez@example.com', '+1 000-111-2222', 'US0001112222'),
        ('13fbfc78-b754-4bcb-a649-83035ac13e0c', 'Ava', 'Lopez', 22, 'Female', 'ava.lopez@example.com', '+1 111-222-3333', 'US1112223333'),
        ('8363677a-ee8b-4a7e-9a91-5eb9b4d99b33', 'Noah', 'Perez', 20, 'Male', 'noah.perez@example.com', '+1 222-333-4444', 'US2223334444'),
        ('bbe1634f-cd61-4414-97b7-50a3ea4afd0d', 'Isabella', 'Gonzalez', 21, 'Female', 'isabella.gonzalez@example.com', '+1 333-444-5555', 'US3334445555'),
        ('40afa570-58c4-4b3b-940a-217eb3faa75e', 'Oliver', 'Rodriguez', 23, 'Male', 'oliver.rodriguez@example.com', '+1 444-555-6666', 'US4445556666'),
        ('d484faa1-bae2-4b85-930b-62b327c102a4', 'Mia', 'Brown', 20, 'Female', 'mia.brown@example.com', '+1 555-666-7777', 'US5556667777'),
        ('61d35707-09bf-4c57-ac39-edfc5eb6eec6', 'Ethan', 'Williams', 24, 'Male', 'ethan.williams@example.com', '+1 666-777-8888', 'US6667778888'),
        ('f27dcb5c-80f5-477a-b9b4-4f3edf93123c', 'Charlotte', 'Harris', 19, 'Female', 'charlotte.harris@example.com', '+1 777-888-9999', 'US7778889999'),
        ('5b3862fc-3b4e-4a59-9725-bedce5e970a6', 'Liam', 'Davis', 25, 'Male', 'liam.davis@example.com', '+1 888-999-0000', 'US8889990000'),
        ('6be7c954-c9ee-4b60-b071-7dcf768b4df8', 'Amelia', 'Smith', 20, 'Female', 'amelia.smith@example.com', '+1 999-000-1111', 'US9990001111'),
        ('f64b5f5d-4237-4915-9cec-74399f7ced88', 'Lucas', 'Jackson', 19, 'Male', 'lucas.jackson@example.com', '+1 000-111-2222', 'US0001112222'),
        ('d6f50365-087b-4110-8d5c-a23d94ef1330', 'Harper', 'Anderson', 21, 'Female', 'harper.anderson@example.com', '+1 111-222-3333', 'US1112223333'),
        ('9010257b-df4c-4dcf-b837-f280dfb4afed', 'Henry', 'Lopez', 20, 'Male', 'henry.lopez@example.com', '+1 222-333-4444', 'US2223334444'),
        ('0095d1b1-94bd-4f9c-8616-6703b5d47c76', 'Ava', 'Hernandez', 22, 'Female', 'ava.hernandez@example.com', '+1 333-444-5555', 'US3334445555'),
        ('e85cccb8-bf58-4dc4-bc6e-899c69d26e94', 'Benjamin', 'Garcia', 24, 'Male', 'benjamin.garcia@example.com', '+1 444-555-6666', 'US4445556666'),
        ('f94c5f0f-271c-437c-be38-9b51281e921f', 'Sophia', 'Perez', 19, 'Female', 'sophia.perez@example.com', '+1 555-666-7777', 'US5556667777'),
        ('13b7de88-e762-4a1d-8bfb-06149e30c0f7', 'Oliver', 'Smith', 23, 'Male', 'oliver.smith@example.com', '+1 666-777-8888', 'US6667778888'),
        ('1d699660-b5f1-4b07-bf32-b6691de0a867', 'Emma', 'Martinez', 20, 'Female', 'emma.martinez@example.com', '+1 777-888-9999', 'US7778889999'),
        ('3d7884f0-db13-40ab-8991-8473420e2d09', 'Liam', 'Gonzalez', 24, 'Male', 'liam.gonzalez@example.com', '+1 888-999-0000', 'US8889990000'),
        ('c743f01d-f99f-4249-a4f2-96799f33fa92', 'Olivia', 'Davis', 19, 'Female', 'olivia.davis@example.com', '+1 999-000-1111', 'US9990001111'),
        ('fdbe6ff5-a743-4de0-947c-e68957028309', 'Lucas', 'Jones', 22, 'Male', 'lucas.jones@example.com', '+1 000-111-2222', 'US0001112222'),
        ('3dce7594-f472-49cc-92da-23ee09ca0b4e', 'Charlotte', 'Taylor', 20, 'Female', 'charlotte.taylor@example.com', '+1 111-222-3333', 'US1112223333'),
        ('b92dfceb-3236-4fe2-87ea-a9838e2d9420', 'Noah', 'Brown', 24, 'Male', 'noah.brown@example.com', '+1 222-333-4444', 'US2223334444'),
        ('a8019eca-e8bc-4dc2-95e2-08b12f306f35', 'Amelia', 'Williams', 19, 'Female', 'amelia.williams@example.com', '+1 333-444-5555', 'US3334445555'),
        ('f1d53da8-8908-46b9-9b5d-69edbd0424fd', 'Harper', 'Smith', 25, 'Male', 'harper.smith@example.com', '+1 444-555-6666', 'US4445556666'),
        ('f7a8b817-a326-4673-bebe-4306d8ecc914', 'Henry', 'Gonzalez', 20, 'Female', 'henry.gonzalez@example.com', '+1 555-666-7777', 'US5556667777'),
        ('e6e39e6b-a7e8-4e62-aa0c-20beb00f5424', 'Mia', 'Hernandez', 22, 'Male', 'mia.hernandez@example.com', '+1 666-777-8888', 'US6667778888'),
        ('525450b2-9bdf-44c4-8a29-5b2a9716e439', 'Liam', 'Smith', 20, 'Female', 'liam.smith@example.com', '+1 777-888-9999', 'US7778889999'),
        ('916c23a3-856d-43b7-9218-a3a8746efd0e', 'Emily', 'Lopez', 24, 'Male', 'emily.lopez@example.com', '+1 888-999-0000', 'US8889990000'),
        ('515ef0c7-cb8a-406c-bb22-7067189b1975', 'Oliver', 'Garcia', 19, 'Female', 'oliver.garcia@example.com', '+1 999-000-1111', 'US9990001111'),
        ('05c411e5-31d7-44b3-b8fe-ab4728a194e8', 'Ava', 'Perez', 23, 'Male', 'ava.perez@example.com', '+1 000-111-2222', 'US0001112222'),
        ('db08f600-83aa-43d8-9dd3-f59649291d88', 'Benjamin', 'Jackson', 20, 'Female', 'benjamin.jackson@example.com', '+1 111-222-3333', 'US1112223333'),
        ('1d6a559f-b5ba-43ed-9222-48254bf8bdf0', 'Lucas', 'Anderson', 21, 'Male', 'lucas.anderson@example.com', '+1 222-333-4444', 'US2223334444'),
        ('4e9f2756-db32-4c21-88aa-cb2b2e958294', 'Harper', 'Smith', 22, 'Female', 'harper.smith@example.com', '+1 333-444-5555', 'US3334445555');

insert into public.relations (student_id, course_id)
values  ('e3f67dfc-01d4-484a-aa87-f28450ce24e6', '91c37062-7584-4ad0-a8cb-4fb8a8a51a34'),
        ('e3f67dfc-01d4-484a-aa87-f28450ce24e6', '17d4c753-8ac3-48a5-9d68-be9fb1da5a68'),
        ('256a4f6c-130b-47d8-ad84-08217813b7d8', '32da948b-1373-4d8b-adf8-781a437bc5cf'),
        ('256a4f6c-130b-47d8-ad84-08217813b7d8', '34a92729-8e91-4bca-b044-4ae866307aed'),
        ('e452f0e0-65c9-4d2f-afc7-130286dc8ab6', '91c37062-7584-4ad0-a8cb-4fb8a8a51a34'),
        ('e452f0e0-65c9-4d2f-afc7-130286dc8ab6', '17d4c753-8ac3-48a5-9d68-be9fb1da5a68'),
        ('11efa1a9-ee42-4d30-b04b-30edf42f1eb5', '32da948b-1373-4d8b-adf8-781a437bc5cf'),
        ('11efa1a9-ee42-4d30-b04b-30edf42f1eb5', '34a92729-8e91-4bca-b044-4ae866307aed'),
        ('d53e2106-2171-4a27-a60f-74c8750f5f50', '91c37062-7584-4ad0-a8cb-4fb8a8a51a34'),
        ('d53e2106-2171-4a27-a60f-74c8750f5f50', '17d4c753-8ac3-48a5-9d68-be9fb1da5a68'),
        ('7a9d08f1-95ef-42d1-9ada-38d7118ab180', '32da948b-1373-4d8b-adf8-781a437bc5cf'),
        ('7a9d08f1-95ef-42d1-9ada-38d7118ab180', '34a92729-8e91-4bca-b044-4ae866307aed'),
        ('65a8f2f3-f79c-4e16-931d-74d4279ae6f0', '91c37062-7584-4ad0-a8cb-4fb8a8a51a34'),
        ('65a8f2f3-f79c-4e16-931d-74d4279ae6f0', '17d4c753-8ac3-48a5-9d68-be9fb1da5a68'),
        ('2c30b03f-b496-42e2-8b58-10d0b75666be', '32da948b-1373-4d8b-adf8-781a437bc5cf'),
        ('2c30b03f-b496-42e2-8b58-10d0b75666be', '34a92729-8e91-4bca-b044-4ae866307aed'),
        ('3b280308-efde-4d71-be4e-ca13faad5ef4', '91c37062-7584-4ad0-a8cb-4fb8a8a51a34'),
        ('3b280308-efde-4d71-be4e-ca13faad5ef4', '17d4c753-8ac3-48a5-9d68-be9fb1da5a68'),
        ('48d08edf-0abb-4990-aaff-238bd4456d4c', '32da948b-1373-4d8b-adf8-781a437bc5cf'),
        ('48d08edf-0abb-4990-aaff-238bd4456d4c', '34a92729-8e91-4bca-b044-4ae866307aed'),
        ('f45663f5-69fe-4ce9-97f8-6e28dd936266', '91c37062-7584-4ad0-a8cb-4fb8a8a51a34'),
        ('f45663f5-69fe-4ce9-97f8-6e28dd936266', '17d4c753-8ac3-48a5-9d68-be9fb1da5a68'),
        ('a7d2ecb7-19ee-43d2-900d-cd8ab577215a', '32da948b-1373-4d8b-adf8-781a437bc5cf'),
        ('a7d2ecb7-19ee-43d2-900d-cd8ab577215a', '34a92729-8e91-4bca-b044-4ae866307aed'),
        ('f3480d49-d744-44f5-b842-a9a42c63963f', '91c37062-7584-4ad0-a8cb-4fb8a8a51a34'),
        ('f3480d49-d744-44f5-b842-a9a42c63963f', '17d4c753-8ac3-48a5-9d68-be9fb1da5a68'),
        ('13fbfc78-b754-4bcb-a649-83035ac13e0c', '32da948b-1373-4d8b-adf8-781a437bc5cf'),
        ('13fbfc78-b754-4bcb-a649-83035ac13e0c', '34a92729-8e91-4bca-b044-4ae866307aed'),
        ('8363677a-ee8b-4a7e-9a91-5eb9b4d99b33', '91c37062-7584-4ad0-a8cb-4fb8a8a51a34'),
        ('8363677a-ee8b-4a7e-9a91-5eb9b4d99b33', '17d4c753-8ac3-48a5-9d68-be9fb1da5a68'),
        ('bbe1634f-cd61-4414-97b7-50a3ea4afd0d', '32da948b-1373-4d8b-adf8-781a437bc5cf'),
        ('bbe1634f-cd61-4414-97b7-50a3ea4afd0d', '34a92729-8e91-4bca-b044-4ae866307aed'),
        ('40afa570-58c4-4b3b-940a-217eb3faa75e', '91c37062-7584-4ad0-a8cb-4fb8a8a51a34'),
        ('40afa570-58c4-4b3b-940a-217eb3faa75e', '17d4c753-8ac3-48a5-9d68-be9fb1da5a68'),
        ('d484faa1-bae2-4b85-930b-62b327c102a4', '32da948b-1373-4d8b-adf8-781a437bc5cf'),
        ('d484faa1-bae2-4b85-930b-62b327c102a4', '34a92729-8e91-4bca-b044-4ae866307aed'),
        ('61d35707-09bf-4c57-ac39-edfc5eb6eec6', '91c37062-7584-4ad0-a8cb-4fb8a8a51a34'),
        ('61d35707-09bf-4c57-ac39-edfc5eb6eec6', '17d4c753-8ac3-48a5-9d68-be9fb1da5a68'),
        ('f27dcb5c-80f5-477a-b9b4-4f3edf93123c', '32da948b-1373-4d8b-adf8-781a437bc5cf'),
        ('f27dcb5c-80f5-477a-b9b4-4f3edf93123c', '34a92729-8e91-4bca-b044-4ae866307aed'),
        ('5b3862fc-3b4e-4a59-9725-bedce5e970a6', '91c37062-7584-4ad0-a8cb-4fb8a8a51a34'),
        ('5b3862fc-3b4e-4a59-9725-bedce5e970a6', '17d4c753-8ac3-48a5-9d68-be9fb1da5a68'),
        ('6be7c954-c9ee-4b60-b071-7dcf768b4df8', '32da948b-1373-4d8b-adf8-781a437bc5cf'),
        ('6be7c954-c9ee-4b60-b071-7dcf768b4df8', '34a92729-8e91-4bca-b044-4ae866307aed'),
        ('f64b5f5d-4237-4915-9cec-74399f7ced88', '91c37062-7584-4ad0-a8cb-4fb8a8a51a34'),
        ('f64b5f5d-4237-4915-9cec-74399f7ced88', '17d4c753-8ac3-48a5-9d68-be9fb1da5a68'),
        ('d6f50365-087b-4110-8d5c-a23d94ef1330', '32da948b-1373-4d8b-adf8-781a437bc5cf'),
        ('d6f50365-087b-4110-8d5c-a23d94ef1330', '34a92729-8e91-4bca-b044-4ae866307aed'),
        ('9010257b-df4c-4dcf-b837-f280dfb4afed', '91c37062-7584-4ad0-a8cb-4fb8a8a51a34'),
        ('9010257b-df4c-4dcf-b837-f280dfb4afed', '17d4c753-8ac3-48a5-9d68-be9fb1da5a68'),
        ('0095d1b1-94bd-4f9c-8616-6703b5d47c76', '32da948b-1373-4d8b-adf8-781a437bc5cf'),
        ('0095d1b1-94bd-4f9c-8616-6703b5d47c76', '34a92729-8e91-4bca-b044-4ae866307aed'),
        ('e85cccb8-bf58-4dc4-bc6e-899c69d26e94', '91c37062-7584-4ad0-a8cb-4fb8a8a51a34'),
        ('e85cccb8-bf58-4dc4-bc6e-899c69d26e94', '17d4c753-8ac3-48a5-9d68-be9fb1da5a68'),
        ('f94c5f0f-271c-437c-be38-9b51281e921f', '32da948b-1373-4d8b-adf8-781a437bc5cf'),
        ('f94c5f0f-271c-437c-be38-9b51281e921f', '34a92729-8e91-4bca-b044-4ae866307aed');

insert into public.instructor_details (id, youtube_channel, hobbies, instructor_id)
values  ('78e47df3-8e10-4c49-bc51-61c76e617425', 'youtube.com/debbie_lindell', '{football,basketball}', 1),
        ('ac5372ef-be1c-4ff5-8122-d14b03fe4662', 'youtube.com/devy_symondson', '{reading}', 2),
        ('c663fdf6-98f1-4f1a-b41e-3d14ada87ac7', 'youtube.com/bartel_mcgruar', '{chemicals,conducting experiements,making explosives}', 3);